Workbook

Sheet 设置与状态
A1: 字段 | B1: 填写值 | C1: 状态/说明
A2: 计划开始日 | B2: 46288 | C2: 可修改；14天日历日期会随之更新
A3: 每日计划保底分钟 | B3: 30 | C3: 用户指定：0.5小时
A4: 每日弹性容量分钟 | B4: 120 | C4: 用户确认：至少2小时以上；120为保守记录
A5: 计划考试日 | B5: 46368 | C5: 用户提供；最终以官方公告/准考证为准
A6: 目标 | B6: 主目标630+；冲刺650+ | C6: 满分710；630约第98百分位，650约第99
A7: 理论满分 | B7: 710 | C7: 官方报道总分满分；采用常模参照，不设及格线
A8: 当前阶段 | B8: 导学准备，尚未首刷 | C8: Day1–7导学；达10/12后进入首刷
A9: 听力基线 | B9: 待Day8首刷 | C9: 不以跟做示范作为基线
A10: 阅读基线 | B10: 待Day9–10首刷 | C10: 分别记录三种题型
A11: 写作基线 | B11: 待Day11首稿 | C11: 用本系统8分训练量表
A12: 翻译基线 | B12: 待Day12首稿 | C12: 用本系统8分训练量表
A13: 课程标准 | B13: 全国大学英语四、六级考试大纲 | C13: 用户确认：同时作为考试标准与命题标准
A14: 课堂讲义 | B14: 无 | C14: 用户确认
A15: 指定阅读 | B15: 无 | C15: 用户确认
A16: 额外课程题集 | B16: 无 | C16: 使用当前真题资料库
A17: 历次小测 | B17: 无 | C17: 用户确认；尚未首刷
A18: 建议执行档 | B18: =IF(B3<=30,"30分钟保底；按120+分钟容量自愿扩展","自定义保底") | C18: 保底不是上限；完整模拟需连续约150分钟

Sheet 14天日历
A1: Day | B1: 日期 | C1: 阶段 | D1: 导学题/到期复习 | E1: 30分钟保底 | F1: 扩展到60分钟 | G1: 使用120+分钟容量 | H1: 可验证产出 | I1: 完成状态 | J1: 实际分钟 | K1: 正确率/得分 | L1: 错误代码/备注 | M1: 下次复习日
A2: 1 | B2: ='设置与状态'!$B$2+0 | C2: 导学1：课程标准与分数 | D2: G01–G03 | E2: 读大纲定位、卷面结构、常模分数 | F2: 手绘四板块结构与分值 | G2: 建立官方要求/系统方法/未验证三栏笔记 | H2: 能解释710、无及格线、630+/650+目标 | I2: 未开始
A3: 2 | B3: ='设置与状态'!$B$2+1 | C3: 导学2：听力 | D3: G04、G09 | E3: 学官方听力目标、材料类型与一次播放流程 | F3: 只分析Directions和选项差异 | G3: 听1段时看文字稿，标主旨/细节/转折/态度 | H3: 听力证据清单；不记录正确率 | I3: 未开始
A4: 3 | B4: ='设置与状态'!$B$2+2 | C4: 导学3：阅读 | D4: G05、G08 | E4: 学三种题型和官方阅读技能 | F4: 示范词性槽、锚点、证据句 | G4: 拆3个长句并复述逻辑关系 | H4: 阅读题型决策树 | I4: 未开始
A5: 4 | B5: ='设置与状态'!$B$2+3 | C5: 导学4：写作 | D5: G06 | E5: 学审题四问与30分钟流程 | F5: W01只做审题和三段提纲 | G5: 比较两个立场提纲并检查任务维度 | H5: 一页写作检查表 | I5: 未开始
A6: 5 | B6: ='设置与状态'!$B$2+4 | C6: 导学5：翻译 | D6: G07 | E6: 学意群切分、定主谓、信息核对 | F6: T01只切意群和定主谓 | G6: 选3句比较多种自然表达 | H6: 一页翻译检查表 | I6: 未开始
A7: 6 | B7: ='设置与状态'!$B$2+5 | C7: 导学6：考场系统 | D7: G10–G12 | E7: 学作答顺序、时间边界和错误代码 | F7: 模拟填写一次答题记录 | G7: 制作个人答题页：时间/信心/证据/错因 | H7: 可复用答题记录模板 | I7: 未开始
A8: 7 | B8: ='设置与状态'!$B$2+6 | C8: 导学结业检查 | D8: G01–G12闭卷 | E8: 完成12题并立即重答错题 | F8: 口述四板块考什么/怎么做/怎么验 | G8: 未达10/12回看大纲；达标才进入首刷 | H8: 导学≥10/12；首刷准入 | I8: 未开始
A9: 8 | B9: ='设置与状态'!$B$2+7 | C9: 第一次刷题：听力 | D9: 无 | E9: 2026/06第1套Q1–10一遍作答并记信心 | F9: 证据回听与L01–L10订正 | G9: 完成Q1–25并逐题写错因 | H9: 第一份真实首答数据 | I9: 未开始
A10: 9 | B10: ='设置与状态'!$B$2+8 | C10: 第一次刷题：阅读A/B | D10: Day8 D+1 | E10: V01–V10首答，先写词性槽 | F10: 加M01–M10，先强后弱 | G10: 全部订正并建D+1/D+3/D+7队列 | H10: 选词/匹配首答正确率与用时 | I10: 未开始
A11: 10 | B11: ='设置与状态'!$B$2+9 | C11: 第一次刷题：仔细阅读 | D11: Day8 D+1 | E11: R01–R05首答并写定位句 | F11: 加R06–R10 | G11: 逐项解释错误选项为什么错 | H11: 仔细阅读正确率、证据定位率 | I11: 未开始
A12: 11 | B12: ='设置与状态'!$B$2+10 | C12: 第一次输出：写作 | D12: Day8 D+3；Day9 D+1 | E12: W01限时30分钟首稿 | F12: 用8分量表自评并修订 | G12: 写W02提纲并提取重复错误 | H12: 原稿、量表、修订稿 | I12: 未开始
A13: 12 | B13: ='设置与状态'!$B$2+11 | C13: 第一次输出：翻译 | D13: Day9 D+3；Day10 D+1 | E13: T01限时30分钟 | F13: 检查信息块并修订 | G13: 用T02做3句迁移 | H13: 原稿、漏译率、修订稿 | I13: 未开始
A14: 13 | B14: ='设置与状态'!$B$2+12 | C14: 首轮复盘 | D14: 到期D+1/D+3 | E14: 重做到期项并更新错因 | F14: 汇总四板块Top 3瓶颈 | G14: 最低项做一组换材料迁移 | H14: 首答与复测对照、瓶颈清单 | I14: 未开始
A15: 14 | B15: ='设置与状态'!$B$2+13 | C15: 第一次整卷 | D15: 导学与流程回忆 | E15: 30分钟流程回忆；无连续时段则改复测日 | F15: 不把60分钟分段题称为完整模拟 | G15: 连续约150分钟：2025/12第1套125分钟+复盘25 | H15: 首次完整基线；分段须标非模拟 | I15: 未开始

Sheet 题库
A1: ID | B1: 板块 | C1: 来源 | D1: 题位 | E1: 任务 | F1: 计划日 | G1: 首次答案 | H1: 首次对错 | I1: 信心1-4 | J1: 错误代码 | K1: 证据/理由 | L1: D+1 | M1: D+3 | N1: D+7 | O1: 状态
A2: G01 | B2: 大纲导学 | C2: 官方分数解释 | D2: 导学题 | E2: CET4报道总分满分是多少？ | F2: 1 | O2: 未开始
A3: G02 | B3: 大纲导学 | C3: 官方分数解释 | D3: 导学题 | E3: CET4是否设官方及格线？ | F3: 1 | O3: 未开始
A4: G03 | B4: 大纲导学 | C4: 官方分数解释 | D4: 导学题 | E4: 听力、阅读、写译的占比和满分？ | F4: 1 | O4: 未开始
A5: G04 | B5: 大纲导学 | C5: 官方考试大纲 | D5: 导学题 | E5: 官方听力能力除听见单词外还考什么？ | F5: 2 | O5: 未开始
A6: G05 | B6: 大纲导学 | C6: 官方考试大纲 | D6: 导学题 | E6: 官方阅读能力包含哪些核心动作？ | F6: 3 | O6: 未开始
A7: G06 | B7: 大纲导学 | C7: 官方考试大纲 | D7: 导学题 | E7: 四级写作最低官方产出要求？ | F7: 4 | O7: 未开始
A8: G07 | B8: 大纲导学 | C8: 官方考试大纲 | D8: 导学题 | E8: 四级翻译官方要求？ | F8: 5 | O8: 未开始
A9: G08 | B9: 大纲导学 | C9: 官方考试大纲 | D9: 导学题 | E9: 仔细阅读与快速阅读目标速度？ | F9: 3 | O9: 未开始
A10: G09 | B10: 大纲导学 | C10: 官方考试大纲 | D10: 导学题 | E10: 四级听力材料官方语速？ | F10: 2 | O10: 未开始
A11: G10 | B11: 大纲导学 | C11: 官方分数解释 | D11: 导学题 | E11: 高考135/150能否直接换成CET639/710？ | F11: 6 | O11: 未开始
A12: G11 | B12: 大纲导学 | C12: 官方卷面结构+系统规则 | D12: 导学题 | E12: 什么算完整四级模拟？ | F12: 6 | O12: 未开始
A13: G12 | B13: 大纲导学 | C13: 资料库来源边界 | D13: 导学题 | E13: 本系统真题客观答案是什么身份？ | F13: 6 | O13: 未开始
... A59: T03 | B59: 翻译 | C59: 2025/12 第2套 | D59: PDF末页 | E59: 限时翻译城市漫步段落。 | F59: 12 | O59: 未开始

Sheet 答案解析
A1: ID | B1: 答案/达标条件 | C1: 简析 | D1: 来源位置 | E1: 证据等级
A2: G01 | B2: 710 | C2: 官方报道分上限，不是简单卷面百分数。 | D2: 官方分数解释 | E2: 官方大纲/官方分数解释；G12为资料边界
A3: G02 | B3: 不设 | C3: 采用常模参照报道分；其他机构要求不等于官方及格线。 | D3: 官方分数解释 | E3: 官方大纲/官方分数解释；G12为资料边界
A4: G03 | B4: 听力35%/249；阅读35%/249；写译30%/212 | C4: 四个单项相加为710；写作与翻译合并报道。 | D4: 官方分数解释 | E4: 官方大纲/官方分数解释；G12为资料边界
A5: G04 | B5: 主旨、细节、隐含意义、交际功能、观点态度、语音与句间关系 | C5: 复盘必须写证据类型。 | D5: 官方考试大纲 | E5: 官方大纲/官方分数解释；G12为资料边界
A6: G05 | B6: 主旨、细节、观点态度、推断、猜词、句间关系、篇章衔接 | C6: 三种阅读题型都回到这些动作。 | D6: 官方考试大纲 | E6: 官方大纲/官方分数解释；G12为资料边界
A7: G06 | B7: 30分钟，不少于120词；中心明确、结构完整、通顺连贯 | C7: 当次题面若给上限，以当次Directions为准。 | D7: 官方考试大纲 | E7: 官方大纲/官方分数解释；G12为资料边界
A8: G07 | B8: 30分钟，140–160汉字熟悉题材汉译英，基本准确通顺 | C8: 检查信息完整和英语自然，不逐字替换。 | D8: 官方考试大纲 | E8: 官方大纲/官方分数解释；G12为资料边界
A9: G08 | B9: 约70词/分钟；100词/分钟 | C9: 速度必须和理解同时测。 | D9: 官方考试大纲 | E9: 官方大纲/官方分数解释；G12为资料边界
A10: G09 | B10: 约120–140词/分钟 | C10: 辅助材料可参考该区间，真题仍优先。 | D10: 官方考试大纲 | E10: 官方大纲/官方分数解释；G12为资料边界
A11: G10 | B11: 不能；639只是90%的算术类比 | C11: CET为常模参照；630约第98百分位，650约第99。 | D11: 官方分数解释 | E11: 官方大纲/官方分数解释；G12为资料边界
A12: G11 | B12: 连续按正式流程完成125分钟；听力一次播放 | C12: 分段训练必须标非完整模拟。 | D12: 官方卷面结构+系统规则 | E12: 官方大纲/官方分数解释；G12为资料边界
... A59: T03 | B59: 覆盖新趋势、与传统旅游对比、活动与文化理解。 | C59: Unlike引对比；活动列表保持平行结构。 | D59: 2025/12 第2套 PDF末页 | E59: 题干来自本地卷；评价条件为训练量表

Sheet 进度
A1: 板块 | B1: 题库数 | C1: 已首答 | D1: 首次正确 | E1: 首次正确率 | F1: D+7已测 | G1: D+7正确 | H1: D+7正确率 | I1: 平均信心 | J1: 主要错误 | K1: 下一步
A2: 大纲导学 | B2: =COUNTIF(题库!$B:$B,A2) | C2: =COUNTIFS(题库!$B:$B,A2,题库!$H:$H,"<>" ) | D2: =COUNTIFS(题库!$B:$B,A2,题库!$H:$H,"正确") | E2: =IFERROR(D2/C2,"") | F2: =COUNTIFS(题库!$B:$B,A2,题库!$N:$N,"<>" ) | G2: =COUNTIFS(题库!$B:$B,A2,题库!$N:$N,"正确") | H2: =IFERROR(G2/F2,"") | I2: =IFERROR(AVERAGEIF(题库!$B:$B,A2,题库!$I:$I),"")
A3: 听力 | B3: =COUNTIF(题库!$B:$B,A3) | C3: =COUNTIFS(题库!$B:$B,A3,题库!$H:$H,"<>" ) | D3: =COUNTIFS(题库!$B:$B,A3,题库!$H:$H,"正确") | E3: =IFERROR(D3/C3,"") | F3: =COUNTIFS(题库!$B:$B,A3,题库!$N:$N,"<>" ) | G3: =COUNTIFS(题库!$B:$B,A3,题库!$N:$N,"正确") | H3: =IFERROR(G3/F3,"") | I3: =IFERROR(AVERAGEIF(题库!$B:$B,A3,题库!$I:$I),"")
A4: 选词填空 | B4: =COUNTIF(题库!$B:$B,A4) | C4: =COUNTIFS(题库!$B:$B,A4,题库!$H:$H,"<>" ) | D4: =COUNTIFS(题库!$B:$B,A4,题库!$H:$H,"正确") | E4: =IFERROR(D4/C4,"") | F4: =COUNTIFS(题库!$B:$B,A4,题库!$N:$N,"<>" ) | G4: =COUNTIFS(题库!$B:$B,A4,题库!$N:$N,"正确") | H4: =IFERROR(G4/F4,"") | I4: =IFERROR(AVERAGEIF(题库!$B:$B,A4,题库!$I:$I),"")
A5: 长篇匹配 | B5: =COUNTIF(题库!$B:$B,A5) | C5: =COUNTIFS(题库!$B:$B,A5,题库!$H:$H,"<>" ) | D5: =COUNTIFS(题库!$B:$B,A5,题库!$H:$H,"正确") | E5: =IFERROR(D5/C5,"") | F5: =COUNTIFS(题库!$B:$B,A5,题库!$N:$N,"<>" ) | G5: =COUNTIFS(题库!$B:$B,A5,题库!$N:$N,"正确") | H5: =IFERROR(G5/F5,"") | I5: =IFERROR(AVERAGEIF(题库!$B:$B,A5,题库!$I:$I),"")
A6: 仔细阅读 | B6: =COUNTIF(题库!$B:$B,A6) | C6: =COUNTIFS(题库!$B:$B,A6,题库!$H:$H,"<>" ) | D6: =COUNTIFS(题库!$B:$B,A6,题库!$H:$H,"正确") | E6: =IFERROR(D6/C6,"") | F6: =COUNTIFS(题库!$B:$B,A6,题库!$N:$N,"<>" ) | G6: =COUNTIFS(题库!$B:$B,A6,题库!$N:$N,"正确") | H6: =IFERROR(G6/F6,"") | I6: =IFERROR(AVERAGEIF(题库!$B:$B,A6,题库!$I:$I),"")
A7: 写作 | B7: =COUNTIF(题库!$B:$B,A7) | C7: =COUNTIFS(题库!$B:$B,A7,题库!$H:$H,"<>" ) | D7: =COUNTIFS(题库!$B:$B,A7,题库!$H:$H,"正确") | E7: =IFERROR(D7/C7,"") | F7: =COUNTIFS(题库!$B:$B,A7,题库!$N:$N,"<>" ) | G7: =COUNTIFS(题库!$B:$B,A7,题库!$N:$N,"正确") | H7: =IFERROR(G7/F7,"") | I7: =IFERROR(AVERAGEIF(题库!$B:$B,A7,题库!$I:$I),"")
A8: 翻译 | B8: =COUNTIF(题库!$B:$B,A8) | C8: =COUNTIFS(题库!$B:$B,A8,题库!$H:$H,"<>" ) | D8: =COUNTIFS(题库!$B:$B,A8,题库!$H:$H,"正确") | E8: =IFERROR(D8/C8,"") | F8: =COUNTIFS(题库!$B:$B,A8,题库!$N:$N,"<>" ) | G8: =COUNTIFS(题库!$B:$B,A8,题库!$N:$N,"正确") | H8: =IFERROR(G8/F8,"") | I8: =IFERROR(AVERAGEIF(题库!$B:$B,A8,题库!$I:$I),"")
A10: 结项指标 | B10: 导学后首刷基线 | C10: Day13/14结果 | D10: 变化 | E10: 口径/证据
A11: 听力正确率 | D11: =IF(OR(B11="",C11=""),"",C11-B11) | E11: 请写明题量或评分口径
A12: 阅读正确率 | D12: =IF(OR(B12="",C12=""),"",C12-B12) | E12: 请写明题量或评分口径
A13: 写作训练量表/8 | D13: =IF(OR(B13="",C13=""),"",C13-B13) | E13: 请写明题量或评分口径
A14: 翻译训练量表/8 | D14: =IF(OR(B14="",C14=""),"",C14-B14) | E14: 请写明题量或评分口径
A15: 未完成题数 | D15: =IF(OR(B15="",C15=""),"",C15-B15) | E15: 请写明题量或评分口径
A16: 重复错误数 | D16: =IF(OR(B16="",C16=""),"",C16-B16) | E16: 请写明题量或评分口径
A17: 翻译信息遗漏率 | D17: =IF(OR(B17="",C17=""),"",C17-B17) | E17: 请写明题量或评分口径
A18: 总实际分钟 | D18: =IF(OR(B18="",C18=""),"",C18-B18) | E18: 请写明题量或评分口径

Sheet 来源
A1: 来源ID | B1: 来源 | C1: 身份 | D1: 用途 | E1: 读取状态 | F1: 可靠性/限制
A2: O1 | B2: 教育部教育考试院 CET4笔试页面 | C2: 官方 | D2: 题型、题数、比例、时长 | E2: deep-read | F2: 当前官网公开结构
A3: O2 | B3: 全国大学英语四六级考试大纲（2016修订版） | C3: 官方/课程标准 | D3: 听读写译能力目标与导学 | E3: targeted | F3: PDF有复制限制；未绕过，本次依赖官方索引文本
A4: O3 | B4: 教育部教育考试院 分数解释 | C4: 官方 | D4: 满分、分项、常模百分位、目标设定 | E4: deep-read | F4: 满分710；常模参照；不设及格线
A5: P2512 | B5: materials/CET4/2025/12 三套真题 | C5: 来源页标注真题 | D5: 诊断、迁移、写作翻译 | E5: 提示deep-read；其余mapped/sampled | F5: 来源非考试委员会直接分发
A6: A2512 | B6: materials/CET4/2025/12 三套答案解析 | C6: 第三方 | D6: 复盘 | E6: sampled | F6: 非官方标准答案
A7: P2606 | B7: materials/CET4/2026/06 三套真题 | C7: 来源页标注真题 | D7: 主训练题库 | E7: 第1套重点deep-read | F7: 来源非考试委员会直接分发
A8: A2606 | B8: materials/CET4/2026/06 三套答案解析 | C8: 第三方 | D8: 答案与解释 | E8: 第1套相关题deep-read | F8: 非官方标准答案；未全卷逐页视觉核验
A9: SCOPE | B9: 课堂讲义/指定阅读/课程题集/历次小测 | C9: 用户确认无 | D9: 范围边界 | E9: not-applicable | F9: 大纲作为课程标准；当前真题库作为训练材料
A10: TIME | B10: 个人可用学习时间 | C10: 用户确认 | D10: 日历容量 | E10: confirmed | F10: 计划保底30分钟；实际弹性容量至少120分钟
A11: DATE | B11: 2026-12-12考试日 | C11: 用户提供 | D11: 阶段路线 | E11: 官方当次公告未检索到 | F11: 最终以官方公告和准考证为准
